"FDCOUK","City","Stadium","Capacity","Latitude","Longitude","League","Year","details"
"AFC Wimbledon",NA,NA,NA,NA,NA,"England League1",1920," - NA - NA"
"AZ Alkmaar",NA,NA,NA,NA,NA,"Netherlands1",1920," - NA - NA"
"Aberdeen","Aberdeen","Pittodrie Stadium",22199,57.159167,-2.088889,"Scotland Prem",1920," - Pittodrie Stadium - 22199"
"Accrington",NA,NA,NA,NA,NA,"England League1",1920," - NA - NA"
"Ajaccio","Ajaccio","Stade François Coty",10660,41.931081,8.776725,"France2",1920," - Stade François Coty - 10660"
"Ajax",NA,NA,NA,NA,NA,"Netherlands1",1920," - NA - NA"
"Alanyaspor",NA,NA,NA,NA,NA,"Turkey1",1920," - NA - NA"
"Alaves",NA,NA,NA,NA,NA,"Spain1",1920," - NA - NA"
"Albacete",NA,NA,NA,NA,NA,"Spain2",1920," - NA - NA"
"Alcorcon",NA,NA,NA,NA,NA,"Spain2",1920," - NA - NA"
"Almeria","Almería","Estadio del Mediterráneo",22000,36.84,-2.435278,"Spain2",1920," - Estadio del Mediterráneo - 22000"
"Amiens",NA,NA,NA,NA,NA,"France1",1920," - NA - NA"
"Anderlecht",NA,NA,NA,NA,NA,"Belguim1",1920," - NA - NA"
"Angers",NA,NA,NA,NA,NA,"France1",1920," - NA - NA"
"Ankaragucu",NA,NA,NA,NA,NA,"Turkey1",1920," - NA - NA"
"Antalyaspor",NA,NA,NA,NA,NA,"Turkey1",1920," - NA - NA"
"Antwerp",NA,NA,NA,NA,NA,"Belguim1",1920," - NA - NA"
"Arsenal","London","Emirates Stadium",60361,51.555,-0.108611,"England Prem",1920," - Emirates Stadium - 60361"
"Ascoli",NA,NA,NA,NA,NA,"Italy2",1920," - NA - NA"
"Aston Villa","Birmingham","Villa Park",42785,52.509167,-1.884722,"England Prem",1920," - Villa Park - 42785"
"Atalanta",NA,NA,NA,NA,NA,"Italy1",1920," - NA - NA"
"Ath Bilbao","Bilbao","San Mamés",53332,43.264284,-2.950366,"Spain1",1920," - San Mamés - 53332"
"Ath Madrid","Madrid","Vicente Calderón",54851,40.401719,-3.720606,"Spain1",1920," - Vicente Calderón - 54851"
"Augsburg","Augsburg","SGL arena",30660,48.3225,10.882222,"Germany1",1920," - SGL arena - 30660"
"Auxerre","Auxerre","Stade de l'Abbé-Deschamps",24493,47.786753,3.588664,"France2",1920," - Stade de l'Abbé-Deschamps - 24493"
"Aves",NA,NA,NA,NA,NA,"Portugal1",1920," - NA - NA"
"Barcelona","Barcelona","Camp Nou",99354,41.38087,2.122802,"Spain1",1920," - Camp Nou - 99354"
"Barnsley","Barnsley","Oakwell",23009,53.552222,-1.4675,"England Champ",1920," - Oakwell - 23009"
"Bayern Munich","Munich","Allianz Arena",71000,48.218775,11.624753,"Germany1",1920," - Allianz Arena - 71000"
"Belenenses",NA,NA,NA,NA,NA,"Portugal1",1920," - NA - NA"
"Benevento",NA,NA,NA,NA,NA,"Italy2",1920," - NA - NA"
"Benfica",NA,NA,NA,NA,NA,"Portugal1",1920," - NA - NA"
"Besiktas",NA,NA,NA,NA,NA,"Turkey1",1920," - NA - NA"
"Betis","Seville","Benito Villamarín",52500,37.356389,-5.981389,"Spain1",1920," - Benito Villamarín - 52500"
"Bielefeld",NA,NA,NA,NA,NA,"Germany2",1920," - NA - NA"
"Birmingham","Birmingham","St Andrew's Stadium",30079,52.475703,-1.868189,"England Champ",1920," - St Andrew's Stadium - 30079"
"Blackburn","Blackburn","Ewood Park",31154,53.728611,-2.489167,"England Champ",1920," - Ewood Park - 31154"
"Blackpool","Blackpool","Bloomfield Road",16220,53.804722,-3.048056,"England League1",1920," - Bloomfield Road - 16220"
"Boavista",NA,NA,NA,NA,NA,"Portugal1",1920," - NA - NA"
"Bochum",NA,NA,NA,NA,NA,"Germany2",1920," - NA - NA"
"Bologna",NA,NA,NA,NA,NA,"Italy1",1920," - NA - NA"
"Bolton","Bolton","Reebok Stadium",28100,53.580556,-2.535556,"England League1",1920," - Reebok Stadium - 28100"
"Bordeaux","Bordeaux","Stade Chaban-Delmas",34462,44.829167,-0.597778,"France1",1920," - Stade Chaban-Delmas - 34462"
"Bournemouth",NA,NA,NA,NA,NA,"England Prem",1920," - NA - NA"
"Bradford",NA,NA,NA,NA,NA,"England League2",1920," - NA - NA"
"Brentford",NA,NA,NA,NA,NA,"England Champ",1920," - NA - NA"
"Brescia",NA,NA,NA,NA,NA,"Italy1",1920," - NA - NA"
"Brest","Brest","Stade Francis-Le Blé",16000,48.402932,-4.461694,"France1",1920," - Stade Francis-Le Blé - 16000"
"Brighton","Brighton","American Express Community Stadium",22374,50.861822,-0.083278,"England Prem",1920," - American Express Community Stadium - 22374"
"Bristol City","Bristol","Ashton Gate",21497,51.44,-2.620278,"England Champ",1920," - Ashton Gate - 21497"
"Bristol Rvs",NA,NA,NA,NA,NA,"England League1",1920," - NA - NA"
"Burnley","Burnley","Turf Moor",22546,53.789167,-2.230278,"England Prem",1920," - Turf Moor - 22546"
"Burton",NA,NA,NA,NA,NA,"England League1",1920," - NA - NA"
"Buyuksehyr",NA,NA,NA,NA,NA,"Turkey1",1920," - NA - NA"
"Cadiz",NA,NA,NA,NA,NA,"Spain2",1920," - NA - NA"
"Caen","Caen","Stade Michel d'Ornano",21500,49.179461,-0.396767,"France2",1920," - Stade Michel d'Ornano - 21500"
"Cagliari",NA,NA,NA,NA,NA,"Italy1",1920," - NA - NA"
"Cambridge",NA,NA,NA,NA,NA,"England League2",1920," - NA - NA"
"Cardiff","Cardiff","Cardiff City Stadium",26828,51.472778,-3.203056,"England Champ",1920," - Cardiff City Stadium - 26828"
"Carlisle",NA,NA,NA,NA,NA,"England League2",1920," - NA - NA"
"Celta","Vigo","Balaídos",31800,42.211842,-8.739711,"Spain1",1920," - Balaídos - 31800"
"Celtic","Glasgow","Celtic Park",60832,55.849711,-4.205589,"Scotland Prem",1920," - Celtic Park - 60832"
"Cercle Brugge",NA,NA,NA,NA,NA,"Belguim1",1920," - NA - NA"
"Chambly",NA,NA,NA,NA,NA,"France2",1920," - NA - NA"
"Charleroi",NA,NA,NA,NA,NA,"Belguim1",1920," - NA - NA"
"Charlton",NA,NA,NA,NA,NA,"England Champ",1920," - NA - NA"
"Chateauroux",NA,NA,NA,NA,NA,"France2",1920," - NA - NA"
"Chelsea","London","Stamford Bridge",42449,51.481667,-0.191111,"England Prem",1920," - Stamford Bridge - 42449"
"Cheltenham",NA,NA,NA,NA,NA,"England League2",1920," - NA - NA"
"Chievo",NA,NA,NA,NA,NA,"Italy2",1920," - NA - NA"
"Cittadella",NA,NA,NA,NA,NA,"Italy2",1920," - NA - NA"
"Clermont",NA,NA,NA,NA,NA,"France2",1920," - NA - NA"
"Club Brugge",NA,NA,NA,NA,NA,"Belguim1",1920," - NA - NA"
"Colchester",NA,NA,NA,NA,NA,"England League2",1920," - NA - NA"
"Cosenza",NA,NA,NA,NA,NA,"Italy2",1920," - NA - NA"
"Coventry","Coventry","Ricoh Arena",32609,52.448056,-1.495556,"England League1",1920," - Ricoh Arena - 32609"
"Crawley Town",NA,NA,NA,NA,NA,"England League2",1920," - NA - NA"
"Cremonese",NA,NA,NA,NA,NA,"Italy2",1920," - NA - NA"
"Crewe",NA,NA,NA,NA,NA,"England League2",1920," - NA - NA"
"Crotone",NA,NA,NA,NA,NA,"Italy2",1920," - NA - NA"
"Crystal Palace","London","Selhurst Park",26309,51.398333,-0.085556,"England Prem",1920," - Selhurst Park - 26309"
"Darmstadt",NA,NA,NA,NA,NA,"Germany2",1920," - NA - NA"
"Den Haag",NA,NA,NA,NA,NA,"Netherlands1",1920," - NA - NA"
"Denizlispor",NA,NA,NA,NA,NA,"Turkey1",1920," - NA - NA"
"Derby","Derby","Pride Park Stadium",33597,52.915,-1.447222,"England Champ",1920," - Pride Park Stadium - 33597"
"Dijon","Dijon","Stade Gaston Gérard",15998,47.324383,5.068342,"France1",1920," - Stade Gaston Gérard - 15998"
"Doncaster","Doncaster","Keepmoat Stadium",15231,53.509722,-1.113889,"England League1",1920," - Keepmoat Stadium - 15231"
"Dortmund","Dortmund","Signal Iduna Park",80645,51.492569,7.451842,"Germany1",1920," - Signal Iduna Park - 80645"
"Dresden",NA,NA,NA,NA,NA,"Germany2",1920," - NA - NA"
"Eibar",NA,NA,NA,NA,NA,"Spain1",1920," - NA - NA"
"Ein Frankfurt","Frankfurt","Commerzbank-Arena",51500,50.068572,8.645458,"Germany1",1920," - Commerzbank-Arena - 51500"
"Elche","Elche","Martínez Valero",36017,38.266944,-0.663333,"Spain2",1920," - Martínez Valero - 36017"
"Empoli",NA,NA,NA,NA,NA,"Italy2",1920," - NA - NA"
"Erzgebirge Aue",NA,NA,NA,NA,NA,"Germany2",1920," - NA - NA"
"Espanol","Cornellà de Llobregat","Cornellà-El Prat",40500,41.347861,2.075667,"Spain1",1920," - Cornellà-El Prat - 40500"
"Eupen",NA,NA,NA,NA,NA,"Belguim1",1920," - NA - NA"
"Everton","Liverpool","Goodison Park",40157,53.438889,-2.966389,"England Prem",1920," - Goodison Park - 40157"
"Exeter",NA,NA,NA,NA,NA,"England League2",1920," - NA - NA"
"Extremadura UD",NA,NA,NA,NA,NA,"Spain2",1920," - NA - NA"
"FC Emmen",NA,NA,NA,NA,NA,"Netherlands1",1920," - NA - NA"
"FC Koln","Cologne","RheinEnergieStadion",50000,50.933497,6.874997,"Germany1",1920," - RheinEnergieStadion - 50000"
"Famalicao",NA,NA,NA,NA,NA,"Portugal1",1920," - NA - NA"
"Fenerbahce",NA,NA,NA,NA,NA,"Turkey1",1920," - NA - NA"
"Feyenoord",NA,NA,NA,NA,NA,"Netherlands1",1920," - NA - NA"
"Fiorentina",NA,NA,NA,NA,NA,"Italy1",1920," - NA - NA"
"Fleetwood Town",NA,NA,NA,NA,NA,"England League1",1920," - NA - NA"
"For Sittard",NA,NA,NA,NA,NA,"Netherlands1",1920," - NA - NA"
"Forest Green",NA,NA,NA,NA,NA,"England League2",1920," - NA - NA"
"Fortuna Dusseldorf","Düsseldorf","Esprit Arena",54600,51.261667,6.733056,"Germany1",1920," - Esprit Arena - 54600"
"Freiburg","Freiburg","MAGE SOLAR Stadion",24000,47.988889,7.893056,"Germany1",1920," - MAGE SOLAR Stadion - 24000"
"Frosinone",NA,NA,NA,NA,NA,"Italy2",1920," - NA - NA"
"Fuenlabrada",NA,NA,NA,NA,NA,"Spain2",1920," - NA - NA"
"Fulham","London","Craven Cottage",25700,51.475,-0.221667,"England Champ",1920," - Craven Cottage - 25700"
"Galatasaray",NA,NA,NA,NA,NA,"Turkey1",1920," - NA - NA"
"Gaziantep",NA,NA,NA,NA,NA,"Turkey1",1920," - NA - NA"
"Genclerbirligi",NA,NA,NA,NA,NA,"Turkey1",1920," - NA - NA"
"Genk",NA,NA,NA,NA,NA,"Belguim1",1920," - NA - NA"
"Genoa",NA,NA,NA,NA,NA,"Italy1",1920," - NA - NA"
"Gent",NA,NA,NA,NA,NA,"Belguim1",1920," - NA - NA"
"Getafe","Getafe","Coliseum Alfonso Pérez",17700,40.325556,-3.714722,"Spain1",1920," - Coliseum Alfonso Pérez - 17700"
"Gil Vicente",NA,NA,NA,NA,NA,"Portugal1",1920," - NA - NA"
"Gillingham",NA,NA,NA,NA,NA,"England League1",1920," - NA - NA"
"Girona",NA,NA,NA,NA,NA,"Spain2",1920," - NA - NA"
"Goztep",NA,NA,NA,NA,NA,"Turkey1",1920," - NA - NA"
"Granada","Granada","Nuevo Los Cármenes",22524,37.152967,-3.595736,"Spain1",1920," - Nuevo Los Cármenes - 22524"
"Grenoble",NA,NA,NA,NA,NA,"France2",1920," - NA - NA"
"Greuther Furth","Fürth","Trolli Arena",18000,49.486944,10.999167,"Germany2",1920," - Trolli Arena - 18000"
"Grimsby",NA,NA,NA,NA,NA,"England League2",1920," - NA - NA"
"Groningen",NA,NA,NA,NA,NA,"Netherlands1",1920," - NA - NA"
"Guimaraes",NA,NA,NA,NA,NA,"Portugal1",1920," - NA - NA"
"Guingamp","Guingamp","Stade du Roudourou",18126,48.566285,-3.164599,"France2",1920," - Stade du Roudourou - 18126"
"Hamburg","Hamburg","Imtech Arena",57000,53.587158,9.898617,"Germany2",1920," - Imtech Arena - 57000"
"Hamilton","Hamilton","New Douglas Park",6078,55.782156,-4.058503,"Scotland Prem",1920," - New Douglas Park - 6078"
"Hannover","Hanover","HDI-Arena",49000,52.360067,9.731197,"Germany2",1920," - HDI-Arena - 49000"
"Hearts","Edinburgh","Tynecastle Stadium",17420,55.939167,-3.232222,"Scotland Prem",1920," - Tynecastle Stadium - 17420"
"Heerenveen",NA,NA,NA,NA,NA,"Netherlands1",1920," - NA - NA"
"Heidenheim",NA,NA,NA,NA,NA,"Germany2",1920," - NA - NA"
"Heracles",NA,NA,NA,NA,NA,"Netherlands1",1920," - NA - NA"
"Hertha","Berlin","Olympiastadion",74244,52.514722,13.239444,"Germany1",1920," - Olympiastadion - 74244"
"Hibernian","Edinburgh","Easter Road",20421,55.961667,-3.165556,"Scotland Prem",1920," - Easter Road - 20421"
"Hoffenheim","Sinsheim","Rhein-Neckar Arena",30150,49.239008,8.888281,"Germany1",1920," - Rhein-Neckar Arena - 30150"
"Holstein Kiel",NA,NA,NA,NA,NA,"Germany2",1920," - NA - NA"
"Huddersfield",NA,NA,NA,NA,NA,"England Champ",1920," - NA - NA"
"Huesca",NA,NA,NA,NA,NA,"Spain2",1920," - NA - NA"
"Hull","Kingston upon Hull","KC Stadium",25404,53.746111,-0.367778,"England Champ",1920," - KC Stadium - 25404"
"Inter",NA,NA,NA,NA,NA,"Italy1",1920," - NA - NA"
"Ipswich","Ipswich","Portman Road",30311,52.055061,1.144831,"England League1",1920," - Portman Road - 30311"
"Juve Stabia",NA,NA,NA,NA,NA,"Italy2",1920," - NA - NA"
"Juventus",NA,NA,NA,NA,NA,"Italy1",1920," - NA - NA"
"Karlsruhe",NA,NA,NA,NA,NA,"Germany2",1920," - NA - NA"
"Kasimpasa",NA,NA,NA,NA,NA,"Turkey1",1920," - NA - NA"
"Kayserispor",NA,NA,NA,NA,NA,"Turkey1",1920," - NA - NA"
"Kilmarnock","Kilmarnock","Rugby Park",18128,55.604225,-4.508122,"Scotland Prem",1920," - Rugby Park - 18128"
"Konyaspor",NA,NA,NA,NA,NA,"Turkey1",1920," - NA - NA"
"Kortrijk",NA,NA,NA,NA,NA,"Belguim1",1920," - NA - NA"
"La Coruna","A Coruña","Riazor",34600,43.368714,-8.417516,"Spain2",1920," - Riazor - 34600"
"Las Palmas",NA,NA,NA,NA,NA,"Spain2",1920," - NA - NA"
"Lazio",NA,NA,NA,NA,NA,"Italy1",1920," - NA - NA"
"Le Havre",NA,NA,NA,NA,NA,"France2",1920," - NA - NA"
"Le Mans",NA,NA,NA,NA,NA,"France2",1920," - NA - NA"
"Lecce",NA,NA,NA,NA,NA,"Italy1",1920," - NA - NA"
"Leeds","Leeds","Elland Road",39460,53.777778,-1.572222,"England Champ",1920," - Elland Road - 39460"
"Leganes",NA,NA,NA,NA,NA,"Spain1",1920," - NA - NA"
"Leicester","Leicester","King Power Stadium",32500,52.620278,-1.142222,"England Prem",1920," - King Power Stadium - 32500"
"Lens",NA,NA,NA,NA,NA,"France2",1920," - NA - NA"
"Levante","Valencia","Ciutat de València",25534,39.494722,-0.364167,"Spain1",1920," - Ciutat de València - 25534"
"Leverkusen","Leverkusen","BayArena",30210,51.038256,7.002206,"Germany1",1920," - BayArena - 30210"
"Leyton Orient",NA,NA,NA,NA,NA,"England League2",1920," - NA - NA"
"Lille","Villeneuve-d'Ascq","Stade Pierre-Mauroy",50186,50.611883,3.130428,"France1",1920," - Stade Pierre-Mauroy - 50186"
"Lincoln",NA,NA,NA,NA,NA,"England League1",1920," - NA - NA"
"Liverpool","Liverpool","Anfield",45276,53.430819,-2.960828,"England Prem",1920," - Anfield - 45276"
"Livingston","Livingston","Almondvale Stadium",10122,55.886167,-3.522872,"Scotland Prem",1920," - Almondvale Stadium - 10122"
"Livorno",NA,NA,NA,NA,NA,"Italy2",1920," - NA - NA"
"Lorient","Lorient","Stade du Moustoir",18890,47.748747,-3.369367,"France2",1920," - Stade du Moustoir - 18890"
"Lugo",NA,NA,NA,NA,NA,"Spain2",1920," - NA - NA"
"Luton",NA,NA,NA,NA,NA,"England Champ",1920," - NA - NA"
"Lyon","Lyon","Stade de Gerland",41842,45.723889,4.832222,"France1",1920," - Stade de Gerland - 41842"
"M'gladbach","Mönchengladbach","Borussia-Park",54010,51.174583,6.385464,"Germany1",1920," - Borussia-Park - 54010"
"Macclesfield",NA,NA,NA,NA,NA,"England League2",1920," - NA - NA"
"Mainz","Mainz","Coface Arena",34000,49.984167,8.224167,"Germany1",1920," - Coface Arena - 34000"
"Malaga","Málaga","La Rosaleda",30044,36.734092,-4.426422,"Spain2",1920," - La Rosaleda - 30044"
"Mallorca","Palma","Iberostar Stadium",23142,39.59,2.63,"Spain1",1920," - Iberostar Stadium - 23142"
"Man City","Manchester","Etihad Stadium",47405,53.482989,-2.200292,"England Prem",1920," - Etihad Stadium - 47405"
"Man United","Stretford","Old Trafford",75811,53.463056,-2.291389,"England Prem",1920," - Old Trafford - 75811"
"Mansfield",NA,NA,NA,NA,NA,"England League2",1920," - NA - NA"
"Maritimo",NA,NA,NA,NA,NA,"Portugal1",1920," - NA - NA"
"Marseille","Marseille","Stade Velodrome",48000,43.269722,5.395833,"France1",1920," - Stade Velodrome - 48000"
"Mechelen",NA,NA,NA,NA,NA,"Belguim1",1920," - NA - NA"
"Metz",NA,NA,NA,NA,NA,"France1",1920," - NA - NA"
"Middlesbrough","Middlesbrough","Riverside Stadium",34988,54.578333,-1.216944,"England Champ",1920," - Riverside Stadium - 34988"
"Milan",NA,NA,NA,NA,NA,"Italy1",1920," - NA - NA"
"Millwall","London","The Den",20146,51.485953,-0.05095,"England Champ",1920," - The Den - 20146"
"Milton Keynes Dons",NA,NA,NA,NA,NA,"England League1",1920," - NA - NA"
"Mirandes",NA,NA,NA,NA,NA,"Spain2",1920," - NA - NA"
"Monaco","Monaco","Stade Louis II",18500,43.727606,7.415614,"France1",1920," - Stade Louis II - 18500"
"Montpellier","Montpellier","Stade de la Mosson",32939,43.622222,3.811944,"France1",1920," - Stade de la Mosson - 32939"
"Morecambe",NA,NA,NA,NA,NA,"England League2",1920," - NA - NA"
"Moreirense",NA,NA,NA,NA,NA,"Portugal1",1920," - NA - NA"
"Motherwell","Motherwell","Fir Park",13742,55.779947,-3.980078,"Scotland Prem",1920," - Fir Park - 13742"
"Mouscron",NA,NA,NA,NA,NA,"Belguim1",1920," - NA - NA"
"Nancy","Tomblaine","Stade Marcel Picot",20085,48.6955,6.210687,"France2",1920," - Stade Marcel Picot - 20085"
"Nantes","Nantes","Stade de la Beaujoire",38285,47.255631,-1.525375,"France1",1920," - Stade de la Beaujoire - 38285"
"Napoli",NA,NA,NA,NA,NA,"Italy1",1920," - NA - NA"
"Newcastle","Newcastle upon Tyne","Sports Direct Arena",52409,54.975556,-1.621667,"England Prem",1920," - Sports Direct Arena - 52409"
"Newport County",NA,NA,NA,NA,NA,"England League2",1920," - NA - NA"
"Nice","Nice","Allianz Riviera",35624,43.723328,7.258756,"France1",1920," - Allianz Riviera - 35624"
"Nimes",NA,NA,NA,NA,NA,"France1",1920," - NA - NA"
"Niort",NA,NA,NA,NA,NA,"France2",1920," - NA - NA"
"Northampton",NA,NA,NA,NA,NA,"England League2",1920," - NA - NA"
"Norwich","Norwich","Carrow Road",27010,52.622128,1.308653,"England Prem",1920," - Carrow Road - 27010"
"Nott'm Forest","Nottingham","City Ground",30576,52.94,-1.132778,"England Champ",1920," - City Ground - 30576"
"Numancia",NA,NA,NA,NA,NA,"Spain2",1920," - NA - NA"
"Nurnberg","Nuremberg","Grundig-Stadion",50000,49.426111,11.125833,"Germany2",1920," - Grundig-Stadion - 50000"
"Oldham",NA,NA,NA,NA,NA,"England League2",1920," - NA - NA"
"Oostende",NA,NA,NA,NA,NA,"Belguim1",1920," - NA - NA"
"Orleans",NA,NA,NA,NA,NA,"France2",1920," - NA - NA"
"Osasuna","Pamplona","El Sadar",19553,42.796667,-1.636944,"Spain1",1920," - El Sadar - 19553"
"Osnabruck",NA,NA,NA,NA,NA,"Germany2",1920," - NA - NA"
"Oviedo",NA,NA,NA,NA,NA,"Spain2",1920," - NA - NA"
"Oxford",NA,NA,NA,NA,NA,"England League1",1920," - NA - NA"
"PSV Eindhoven",NA,NA,NA,NA,NA,"Netherlands1",1920," - NA - NA"
"Pacos Ferreira",NA,NA,NA,NA,NA,"Portugal1",1920," - NA - NA"
"Paderborn",NA,NA,NA,NA,NA,"Germany1",1920," - NA - NA"
"Paris FC",NA,NA,NA,NA,NA,"France2",1920," - NA - NA"
"Paris SG","Paris","Parc des Princes",48712,48.841389,2.253056,"France1",1920," - Parc des Princes - 48712"
"Parma",NA,NA,NA,NA,NA,"Italy1",1920," - NA - NA"
"Perugia",NA,NA,NA,NA,NA,"Italy2",1920," - NA - NA"
"Pescara",NA,NA,NA,NA,NA,"Italy2",1920," - NA - NA"
"Peterboro","Peterborough","London Road Stadium",15460,52.564697,-0.240406,"England League1",1920," - London Road Stadium - 15460"
"Pisa",NA,NA,NA,NA,NA,"Italy2",1920," - NA - NA"
"Plymouth",NA,NA,NA,NA,NA,"England League2",1920," - NA - NA"
"Ponferradina",NA,NA,NA,NA,NA,"Spain2",1920," - NA - NA"
"Pordenone",NA,NA,NA,NA,NA,"Italy2",1920," - NA - NA"
"Port Vale",NA,NA,NA,NA,NA,"England League2",1920," - NA - NA"
"Portimonense",NA,NA,NA,NA,NA,"Portugal1",1920," - NA - NA"
"Porto",NA,NA,NA,NA,NA,"Portugal1",1920," - NA - NA"
"Portsmouth","Portsmouth","Fratton Park",20224,50.796389,-1.063889,"England League1",1920," - Fratton Park - 20224"
"Preston",NA,NA,NA,NA,NA,"England Champ",1920," - NA - NA"
"QPR","London","Loftus Road",18439,51.509167,-0.232222,"England Champ",1920," - Loftus Road - 18439"
"RB Leipzig",NA,NA,NA,NA,NA,"Germany1",1920," - NA - NA"
"Rangers","Glasgow","Ibrox Stadium",51082,55.853206,-4.309258,"Scotland Prem",1920," - Ibrox Stadium - 51082"
"Reading","Reading","Madejski Stadium",24224,51.422222,-0.982778,"England Champ",1920," - Madejski Stadium - 24224"
"Real Madrid","Madrid","Santiago Bernabéu",85454,40.45306,-3.68835,"Spain1",1920," - Santiago Bernabéu - 85454"
"Regensburg",NA,NA,NA,NA,NA,"Germany2",1920," - NA - NA"
"Reims","Reims","Stade Auguste-Delaune II",21684,49.246667,4.025,"France1",1920," - Stade Auguste-Delaune II - 21684"
"Rennes","Rennes","Stade de la Route de Lorient",31127,48.107458,-1.712839,"France1",1920," - Stade de la Route de Lorient - 31127"
"Rio Ave",NA,NA,NA,NA,NA,"Portugal1",1920," - NA - NA"
"Rizespor",NA,NA,NA,NA,NA,"Turkey1",1920," - NA - NA"
"Rochdale",NA,NA,NA,NA,NA,"England League1",1920," - NA - NA"
"Rodez",NA,NA,NA,NA,NA,"France2",1920," - NA - NA"
"Roma",NA,NA,NA,NA,NA,"Italy1",1920," - NA - NA"
"Ross County","Dingvall","Victoria Park",6310,57.595947,-4.418914,"Scotland Prem",1920," - Victoria Park - 6310"
"Rotherham",NA,NA,NA,NA,NA,"England League1",1920," - NA - NA"
"Salernitana",NA,NA,NA,NA,NA,"Italy2",1920," - NA - NA"
"Salford",NA,NA,NA,NA,NA,"England League2",1920," - NA - NA"
"Sampdoria",NA,NA,NA,NA,NA,"Italy1",1920," - NA - NA"
"Sandhausen",NA,NA,NA,NA,NA,"Germany2",1920," - NA - NA"
"Santa Clara",NA,NA,NA,NA,NA,"Portugal1",1920," - NA - NA"
"Santander","Santander","Campos de Sport de El Sardinero",22222,43.476389,-3.793333,"Spain2",1920," - Campos de Sport de El Sardinero - 22222"
"Sassuolo",NA,NA,NA,NA,NA,"Italy1",1920," - NA - NA"
"Schalke 04","Gelsenkirchen","Veltins-Arena",61673,51.554503,7.067589,"Germany1",1920," - Veltins-Arena - 61673"
"Scunthorpe",NA,NA,NA,NA,NA,"England League2",1920," - NA - NA"
"Setubal",NA,NA,NA,NA,NA,"Portugal1",1920," - NA - NA"
"Sevilla","Seville","Ramón Sánchez Pizjuán",45500,37.384,-5.9705,"Spain1",1920," - Ramón Sánchez Pizjuán - 45500"
"Sheffield United",NA,NA,NA,NA,NA,"England Prem",1920," - NA - NA"
"Sheffield Weds",NA,NA,NA,NA,NA,"England Champ",1920," - NA - NA"
"Shrewsbury",NA,NA,NA,NA,NA,"England League1",1920," - NA - NA"
"Sivasspor",NA,NA,NA,NA,NA,"Turkey1",1920," - NA - NA"
"Sochaux","Montbéliard","Stade Auguste Bonal",20005,47.512417,6.8112,"France2",1920," - Stade Auguste Bonal - 20005"
"Sociedad","San Sebastián","Anoeta",32076,43.301378,-1.973617,"Spain1",1920," - Anoeta - 32076"
"Southampton","Southampton","St Mary's Stadium",32689,50.905833,-1.391111,"England Prem",1920," - St Mary's Stadium - 32689"
"Southend",NA,NA,NA,NA,NA,"England League1",1920," - NA - NA"
"Sp Braga",NA,NA,NA,NA,NA,"Portugal1",1920," - NA - NA"
"Sp Gijon","Gijón","El Molinón",30000,43.536111,-5.637222,"Spain2",1920," - El Molinón - 30000"
"Sp Lisbon",NA,NA,NA,NA,NA,"Portugal1",1920," - NA - NA"
"Spal",NA,NA,NA,NA,NA,"Italy1",1920," - NA - NA"
"Sparta Rotterdam",NA,NA,NA,NA,NA,"Netherlands1",1920," - NA - NA"
"Spezia",NA,NA,NA,NA,NA,"Italy2",1920," - NA - NA"
"St Etienne","Saint-Étienne","Stade Geoffroy-Guichard",26747,45.460833,4.390278,"France1",1920," - Stade Geoffroy-Guichard - 26747"
"St Johnstone","Perth","McDiarmid Park",10673,56.409686,-3.476928,"Scotland Prem",1920," - McDiarmid Park - 10673"
"St Mirren","Paisley","St. Mirren Park",8016,55.850556,-4.443889,"Scotland Prem",1920," - St. Mirren Park - 8016"
"St Pauli","Hamburg","Millerntor-Stadion",24487,53.554444,9.967778,"Germany2",1920," - Millerntor-Stadion - 24487"
"St Truiden",NA,NA,NA,NA,NA,"Belguim1",1920," - NA - NA"
"Standard",NA,NA,NA,NA,NA,"Belguim1",1920," - NA - NA"
"Stevenage",NA,NA,NA,NA,NA,"England League2",1920," - NA - NA"
"Stoke","Stoke-on-Trent","Britannia Stadium",27740,52.988333,-2.175556,"England Champ",1920," - Britannia Stadium - 27740"
"Strasbourg",NA,NA,NA,NA,NA,"France1",1920," - NA - NA"
"Stuttgart","Stuttgart","Mercedes-Benz Arena",60441,48.792269,9.232031,"Germany2",1920," - Mercedes-Benz Arena - 60441"
"Sunderland","Sunderland","Stadium of Light",48707,54.9144,-1.3882,"England League1",1920," - Stadium of Light - 48707"
"Swansea","Swansea","Liberty Stadium",20520,51.6422,-3.9351,"England Champ",1920," - Liberty Stadium - 20520"
"Swindon",NA,NA,NA,NA,NA,"England League2",1920," - NA - NA"
"Tenerife",NA,NA,NA,NA,NA,"Spain2",1920," - NA - NA"
"Tondela",NA,NA,NA,NA,NA,"Portugal1",1920," - NA - NA"
"Torino",NA,NA,NA,NA,NA,"Italy1",1920," - NA - NA"
"Tottenham","London","White Hart Lane",36230,51.603333,-0.065833,"England Prem",1920," - White Hart Lane - 36230"
"Toulouse","Toulouse","Stadium Municipal",35470,43.583056,1.434167,"France1",1920," - Stadium Municipal - 35470"
"Trabzonspor",NA,NA,NA,NA,NA,"Turkey1",1920," - NA - NA"
"Tranmere",NA,NA,NA,NA,NA,"England League1",1920," - NA - NA"
"Trapani",NA,NA,NA,NA,NA,"Italy2",1920," - NA - NA"
"Troyes","Troyes","Stade de l'Aube",21877,48.307561,4.098458,"France2",1920," - Stade de l'Aube - 21877"
"Twente",NA,NA,NA,NA,NA,"Netherlands1",1920," - NA - NA"
"Udinese",NA,NA,NA,NA,NA,"Italy1",1920," - NA - NA"
"Union Berlin",NA,NA,NA,NA,NA,"Germany1",1920," - NA - NA"
"Utrecht",NA,NA,NA,NA,NA,"Netherlands1",1920," - NA - NA"
"VVV Venlo",NA,NA,NA,NA,NA,"Netherlands1",1920," - NA - NA"
"Valencia","Valencia","Mestalla",55000,39.474656,-0.358361,"Spain1",1920," - Mestalla - 55000"
"Valenciennes","Valenciennes","Stade du Hainaut",25172,50.348131,3.533027,"France2",1920," - Stade du Hainaut - 25172"
"Valladolid","Valladolid","Nuevo José Zorrilla",26512,41.644444,-4.761111,"Spain1",1920," - Nuevo José Zorrilla - 26512"
"Vallecano","Madrid","Campo de Vallecas",15489,40.391944,-3.658961,"Spain2",1920," - Campo de Vallecas - 15489"
"Venezia",NA,NA,NA,NA,NA,"Italy2",1920," - NA - NA"
"Verona",NA,NA,NA,NA,NA,"Italy1",1920," - NA - NA"
"Villarreal","Villarreal","El Madrigal",24890,39.944167,-0.103611,"Spain1",1920," - El Madrigal - 24890"
"Virtus Entella",NA,NA,NA,NA,NA,"Italy2",1920," - NA - NA"
"Vitesse",NA,NA,NA,NA,NA,"Netherlands1",1920," - NA - NA"
"Waalwijk",NA,NA,NA,NA,NA,"Netherlands1",1920," - NA - NA"
"Waasland-Beveren",NA,NA,NA,NA,NA,"Belguim1",1920," - NA - NA"
"Walsall",NA,NA,NA,NA,NA,"England League2",1920," - NA - NA"
"Waregem",NA,NA,NA,NA,NA,"Belguim1",1920," - NA - NA"
"Watford","Watford","Vicarage Road",23500,51.649836,-0.401486,"England Prem",1920," - Vicarage Road - 23500"
"Wehen",NA,NA,NA,NA,NA,"Germany2",1920," - NA - NA"
"Werder Bremen","Bremen","Weserstadion",42100,53.066394,8.837628,"Germany1",1920," - Weserstadion - 42100"
"West Brom","West Bromwich","The Hawthorns",27877,52.509167,-1.963889,"England Champ",1920," - The Hawthorns - 27877"
"West Ham","London","Boleyn Ground",35303,51.531944,0.039444,"England Prem",1920," - Boleyn Ground - 35303"
"Wigan","Wigan","DW Stadium",25133,53.547778,-2.653889,"England Champ",1920," - DW Stadium - 25133"
"Willem II",NA,NA,NA,NA,NA,"Netherlands1",1920," - NA - NA"
"Wolfsburg","Wolfsburg","Volkswagen Arena",30000,52.431944,10.803889,"Germany1",1920," - Volkswagen Arena - 30000"
"Wolves","Wolverhampton","Molineux Stadium",27828,52.590278,-2.130278,"England Prem",1920," - Molineux Stadium - 27828"
"Wycombe",NA,NA,NA,NA,NA,"England League1",1920," - NA - NA"
"Yeni Malatyaspor",NA,NA,NA,NA,NA,"Turkey1",1920," - NA - NA"
"Zaragoza","Zaragoza","La Romareda",34596,41.636592,-0.901822,"Spain2",1920," - La Romareda - 34596"
"Zwolle",NA,NA,NA,NA,NA,"Netherlands1",1920," - NA - NA"
